INSERT INTO players (id,name,role) VALUES (1,'A. Sharma','BATTER'),(2,'B. Kumar','BOWLER'),(3,'C. Patel','ALL_ROUNDER'),(4,'D. Singh','BATTER'),(5,'E. Khan','BATTER'),(6,'F. Iyer','WICKET_KEEPER'),(7,'G. Nair','BOWLER'),(8,'H. Roy','ALL_ROUNDER'),(9,'I. Das','BATTER'),(10,'J. Yadav','BOWLER');
INSERT INTO batting_stats (id,player_id,match_id,runs,balls) VALUES (1,1,1,91,78),(2,1,2,45,42),(3,1,3,27,33),(4,1,4,96,119),(5,1,5,79,67),(6,2,1,13,10),(7,2,2,0,1),(8,2,3,14,16),(9,2,4,5,6),(10,2,5,24,24),(11,3,1,54,62),(12,3,2,58,49),(13,3,3,56,64),(14,3,4,47,65),(15,3,5,68,80),(16,4,1,95,91),(17,4,2,97,115),(18,4,3,87,102),(19,4,4,78,96),(20,4,5,30,32),(21,5,1,44,61),(22,5,2,91,110),(23,5,3,38,46),(24,5,4,17,15),(25,5,5,14,17),(26,6,1,61,58),(27,6,2,50,46),(28,6,3,27,25),(29,6,4,64,85),(30,6,5,27,29),(31,7,1,4,4),(32,7,2,12,12),(33,7,3,17,22),(34,7,4,17,21),(35,7,5,13,11),(36,8,1,43,59),(37,8,2,90,88),(38,8,3,57,71),(39,8,4,86,85),(40,8,5,49,46),(41,9,1,20,24),(42,9,2,18,24),(43,9,3,78,98),(44,9,4,26,31),(45,9,5,80,71),(46,10,1,16,21),(47,10,2,24,29),(48,10,3,21,24),(49,10,4,7,6),(50,10,5,18,16);
INSERT INTO bowling_stats (id,player_id,match_id,overs,runs_conceded,wickets) VALUES (1,1,1,0.0,0,0),(2,1,2,0.0,0,0),(3,1,3,0.0,0,0),(4,1,4,0.0,0,0),(5,1,5,0.0,0,0),(6,2,1,0.9,7,1),(7,2,2,7.2,44,4),(8,2,3,8.1,54,0),(9,2,4,3.4,18,1),(10,2,5,0.9,5,0),(11,3,1,8.1,51,3),(12,3,2,2.9,25,4),(13,3,3,7.0,46,0),(14,3,4,8.6,52,0),(15,3,5,3.6,21,2),(16,4,1,0.0,0,0),(17,4,2,0.0,0,0),(18,4,3,0.0,0,0),(19,4,4,0.0,0,0),(20,4,5,0.0,0,0),(21,5,1,0.0,0,0),(22,5,2,0.0,0,0),(23,5,3,0.0,0,0),(24,5,4,0.0,0,0),(25,5,5,0.0,0,0),(26,6,1,2.1,20,4),(27,6,2,5.0,27,3),(28,6,3,5.6,39,2),(29,6,4,4.0,33,1),(30,6,5,0.9,13,0),(31,7,1,7.9,51,3),(32,7,2,10.0,58,4),(33,7,3,0.1,5,0),(34,7,4,7.7,42,2),(35,7,5,0.0,0,0),(36,8,1,7.6,54,4),(37,8,2,6.4,36,4),(38,8,3,5.4,41,4),(39,8,4,0.2,9,2),(40,8,5,2.4,23,4),(41,9,1,0.0,0,0),(42,9,2,0.0,0,0),(43,9,3,0.0,0,0),(44,9,4,0.0,0,0),(45,9,5,0.0,0,0),(46,10,1,4.2,34,1),(47,10,2,2.0,12,2),(48,10,3,4.4,28,4),(49,10,4,3.4,23,4),(50,10,5,0.7,2,0);
